{"cameraMode":{"drawMode":0,"name":"Shaded","section":"Shading Mode"},"sceneLighting":false,"audioPlay":false,"sceneViewState":{"m_AlwaysRefresh":false,"showFog":true,"showSkybox":false,"showFlares":true,"showImageEffects":true,"showParticleSystems":true,"showVisualEffectGraphs":true,"m_FxEnabled":true},"in2DMode":false,"pivot":{"x":-0.5293254852294922,"y":0.3889802396297455,"z":-0.16461467742919923},"rotation":{"x":-0.017684917896986009,"y":-0.023998519405722619,"z":-0.0004239020636305213,"w":0.9995696544647217},"size":4.854462623596191,"orthographic":false}